<?xml version="1.0" encoding="UTF-8" standalone="yes"?>
<addon id="plugin.video.cloudbaby" name="Fox TV" version="1.0.0" provider-name="Cloud Baby">
    <requires>
        <import addon="xbmc.python" version="2.19.0" />
        <import addon="script.module.nanscrapers" version="0.5.5" />
        <import addon="script.module.python.koding.aio" version="0.9.6.6" />
        <import addon="script.module.beautifulsoup" version="3.2.1" />
        <import addon="script.module.requests" version="2.9.1" />
        <import addon="script.module.addon.common" version="2.0.0" />
        <import addon="script.module.xmltodict" version="0.9.0" />
        <import addon="script.module.web-pdb" version="1.0"/>
        <import addon="script.module.urlresolver" version="1.2.0" />
    </requires>
    <extension point="xbmc.python.pluginsource" library="default.py">
        <provides>video</provides>
    </extension>
    <extension point="xbmc.service" library="service.py" start="[login|startup]" />
    <extension point="xbmc.addon.metadata">
      <summary lang="en">Home IPTV Service</summary>
      <description lang="en">Services Available: Movies | Tv Shows | IPTV | Sports | Kids Shows | World CCTV | NASA Streams</description>
      <disclaimer lang="en">The author of this addon does not host any of the content which is found and have no affiliation with any of the content providers. This addon simply searches websites for content. Use at your own risk!</disclaimer>
      <platform>all</platform>
        <website></website>
        <video_guide>xtOqLY5PJDY</video_guide>
    </extension>
</addon>
